{"mnist": {"sgd": 1e-08, "krad*": 0.00029996716730566444, "adam": 0.0001, "krad": 0.0008497886769743537, "shampoo": 0.01, "shampoo_blk100": 0.001}, "curves": {"sgd": 1e-08, "krad*": 0.03172239956974881, "adam": 0.001, "krad": 0.0050518855629835815, "shampoo": 0.0005833189490283865}, "faces": {"sgd": 1e-08, "krad*": 0.00034890214091837387, "adam": 0.001, "krad": 0.00010109009760800876, "shampoo": 0.003565049429323051, "shampoo_blk100": 0.001}}