{"mnist": {"sgd": 0.005202065647994061, "krad*": 0.0014476127334869218, "adam": 0.0003, "krad": 0.006274716145523561, "shampoo": 0.001, "shampoo_blk100": 0.001}, "curves": {"sgd": 0.001, "krad*": 0.003026497683160267, "adam": 0.001, "krad": 0.013209688249038856, "shampoo": 0.0018549241658968494}, "faces": {"sgd": 0.1, "krad*": 0.160328653241073, "adam": 0.003, "krad": 0.3203595884575303, "shampoo": 0.30644117988866537, "shampoo_blk100": 0.0003}}